Ward no,Driver Name,Driver ID,Contact Number,Vehicle Number,Latitudes,Longitudes,Distance_km
Ward 1,Senthil,Driver149,9876543308,TN 20 Q 5894,13.081889627214755,80.27091123868222,0.21545495708318427
Ward 1,Balakrishnan,Driver62,9876543221,TN 01 G 5657,13.08887505082624,80.27190042448836,0.6053018568387327
Ward 1,Rajesh,Driver98,9876543257,TN 04 I 4156,13.078157154351373,80.27201815643804,0.6468487221358239
Ward 10,Ramesh,Driver100,9876543259,TN 03 H 1007,13.094060414978092,80.27069548689975,1.1540238768626174
Ward 10,Gowri,Driver278,9876543437,TN 08 C 8538,13.093233966459906,80.26373908126092,1.2699814432402385
Ward 10,Jeevan,Driver139,9876543298,TN 01 B 5602,13.071956657946014,80.27337847453975,1.3501505717101927
Ward 101,Amudhan,Driver178,9876543337,TN 01 B 2580,13.086430509997053,80.21734664746724,0.2527049805255159
Ward 101,Suresh,Driver113,9876543272,TN 06 A 1621,13.082579887334338,80.21699963982078,0.4523891649790469
Ward 101,Janani,Driver14,9012345678,TN 03 Z 8530,13.083909158957587,80.22547741239177,0.671521378671157
Ward 101,Narendran,Driver145,9876543304,TN 07 Y 1398,13.082790533658523,80.21379513089937,0.7093118563172492
Ward 101,Shruthi,Driver50,7454545454,TN 16 T 4735,13.07547666789197,80.22079394962762,1.1529465663825973
Ward 101,Sowmya,Driver311,9876543470,TN 19 O 1024,13.094057549505552,80.22720651871253,1.2367646849994116
Ward 101,Arumugam,Driver181,9876543340,TN 06 S 9894,13.075389160069749,80.22395497421091,1.2485196916317678
Ward 101,Manikandan,Driver87,9876543246,TN 20 G 7189,13.097333615425082,80.21904110256129,1.2862696723268585
Ward 101,Dhanush,Driver67,9876543226,TN 04 E 4146,13.07519944060497,80.21359059793085,1.3433778178299565
Ward 102,Rohini,Driver303,9876543462,TN 16 I 6798,13.087222966630012,80.23359672985126,0.5756886665888614
Ward 102,Naveenan,Driver91,9876543250,TN 17 G 0139,13.078356720418624,80.23746015294826,1.0755914426630617
Ward 102,Ponnambalam,Driver165,9876543324,TN 16 Y 7062,13.074518366893146,80.2326177800025,1.112802414186694
Ward 102,Shobana,Driver308,9876543467,TN 15 U 3103,13.083731852588567,80.24010464878661,1.1582650516247979
Ward 102,Anbumani,Driver179,9876543338,TN 08 B 9201,13.096436821342257,80.22986265153104,1.380728061213487
Ward 102,Veena,Driver395,9876543554,TN 01 T 5942,13.086484467310715,80.24365572540316,1.5664143109739472
Ward 102,Kaushik,Driver246,9876543405,TN 02 Q 8822,13.071311001612926,80.23950465157988,1.7870828585812684
Ward 102,Nithya,Driver339,9876543498,TN 10 R 2577,13.082587387745836,80.24612011181236,1.8163981177117945
Ward 103,Lavanya,Driver335,9876543494,TN 17 G 7318,13.089627854256344,80.24714516636332,1.110244959111293
Ward 103,Ragav,Driver148,9876543307,TN 06 M 7150,13.083345396191183,80.25095929462283,1.167802878875938
Ward 103,Madhu,Driver290,9876543449,TN 02 O 7277,13.09802392008351,80.24258807461646,1.7721449537222673
Ward 103,Dhandapani,Driver240,9876543399,TN 11 U 9372,13.065253077764758,80.24272765060267,1.909389555123422
Ward 103,Sandhya,Driver32,7676767676,TN 17 S 6549,13.079330782290942,80.25793071473369,1.943875740920481
Ward 103,Kiran,Driver81,9876543240,TN 09 S 0699,13.067063169208863,80.2302269796333,2.006920998892552
Ward 103,Balamurugan,Driver208,9876543367,TN 07 Q 4003,13.099900321372838,80.24922599548624,2.190667301585394
Ward 103,Nallathambi,Driver163,9876543322,TN 19 G 0940,13.097280484489067,80.2533457264268,2.192842977059029
Ward 103,Kanakasabai,Driver186,9876543345,TN 03 U 8000,13.062978108488139,80.23520708009396,2.2113088165318744
Ward 105,Aadhavan,Driver204,9876543363,TN 08 T 8916,13.068903940414053,80.21394417360264,0.2906080621508072
Ward 105,Revathi,Driver345,9876543504,TN 01 E 7823,13.065017971491594,80.21335725876382,0.34066757616049076
Ward 106,Ganeshamoorthy,Driver184,9876543343,TN 15 Q 2542,13.063572440204739,80.2267645961126,0.9353871161698427
Ward 106,Adithyan,Driver53,9876543212,TN 11 G 0987,13.065196024331403,80.22960139221883,0.9988311260664159
Ward 106,Aadhya,Driver268,9876543427,TN 14 L 8192,13.062115375549654,80.22717485722535,1.0986989772550682
Ward 106,Harith,Driver243,9876543402,TN 13 L 0242,13.061542632583661,80.21876361399603,1.109087082287907
Ward 106,Santhosh,Driver104,9876543263,TN 12 P 2830,13.058943602425707,80.22578377939186,1.3729177063682947
Ward 106,Niveditha,Driver376,9876543535,TN 08 P 6465,13.058445997084432,80.22257036058764,1.3796259089883969
Ward 106,Karthikeyan,Driver160,9876543319,TN 16 F 5821,13.057133622269948,80.2194667962572,1.5590574793491885
Ward 106,Sujatha,Driver314,9876543473,TN 02 L 2761,13.057885280690503,80.22800015335373,1.562710775214955
Ward 110,Harishankar,Driver158,9876543317,TN 04 S 8853,13.061212726717578,80.23703516443028,0.06838834429909642
Ward 111,Vigneshwar,Driver174,9876543333,TN 19 H 0213,13.06777153506601,80.26074678204246,1.063453722748341
Ward 111,Arun,Driver59,9876543218,TN 06 A 8773,13.050812158880973,80.25033151012889,1.1482572807745708
Ward 114,Yuvraj,Driver267,9876543426,TN 08 R 3726,13.063256426542004,80.27735825699119,0.1828044412386846
Ward 114,Meenakshi,Driver338,9876543497,TN 18 O 2681,13.05483286597008,80.28123683097108,0.9500717854937586
Ward 114,Aruna,Driver273,9876543432,TN 02 J 2599,13.063293120650533,80.2698049758429,1.000392663525209
Ward 114,Malini,Driver291,9876543450,TN 05 Y 0737,13.073856935780684,80.28083873249071,1.2114200230693493
Ward 114,Vindhya,Driver358,9876543517,TN 08 G 8777,13.076514685815772,80.28376763783749,1.5766759045546632
Ward 115,Manikandan,Driver162,9876543321,TN 14 T 7724,13.048160544023471,80.26761280900159,0.9023116607419264
Ward 118,Loganathan,Driver142,9876543301,TN 05 U 6964,13.045049723539298,80.25708001541524,0.5514939318644088
Ward 118,Kishore,Driver247,9876543406,TN 03 R 4529,13.03815445700758,80.25237621392502,0.9080186633626146
Ward 118,Vignesh,Driver231,9876543390,TN 05 U 0366,13.040754475766793,80.26060772290744,1.1047478458244242
Ward 118,Aishwarya,Driver269,9876543428,TN 13 N 7328,13.03766246640043,80.26071308501324,1.3360697193945534
Ward 119,Ganesh,Driver69,9876543228,TN 13 V 5661,13.040162803389789,80.26499841674746,0.7026762319250932
Ward 119,Saranya,Driver306,9876543465,TN 20 E 6186,13.038395339352858,80.27085169638187,1.0657602634608763
Ward 121,Madhav,Driver84,9876543243,TN 05 T 0609,13.036317365423425,80.26747632639079,0.9691970318024985
Ward 121,Sneha,Driver386,9876543545,TN 08 J 6751,13.03313823326036,80.273821744488,1.1989209128302256
Ward 121,Lalitha,Driver288,9876543447,TN 04 C 7198,13.030284095922328,80.27047446431544,1.5115917225065483
Ward 121,Nagalingam,Driver251,9876543410,TN 11 S 5317,13.030101363117646,80.28034904366677,1.765475641665133
Ward 121,Nagaraj,Driver144,9876543303,TN 11 E 4953,13.03036489072625,80.285427556489,2.077507800022058
Ward 121,Shreyas,Driver150,9876543309,TN 07 M 0539,13.023689202770388,80.2666194197359,2.311941200228794
Ward 121,Janani,Driver283,9876543442,TN 17 H 2780,13.031834172100906,80.28959246426811,2.3157434037454347
Ward 122,Balaji,Driver207,9876543366,TN 12 Q 2775,13.027505678022859,80.2521102785942,0.768388250947199
Ward 125,Shalini,Driver348,9876543507,TN 15 T 1247,13.020207036787431,80.27454790776139,1.7209364005846375
Ward 125,Chitra,Driver363,9876543522,TN 07 O 4738,13.019769426653943,80.27437598716703,1.7707103227929937
Ward 125,Priyanka,Driver42,9676767676,TN 12 B 9510,13.037987646171876,80.29325360530628,1.9388799445059846
Ward 125,Kalidas,Driver140,9876543299,TN 09 T 7554,13.013859443991512,80.27107689805806,2.4708162229319064
Ward 125,Karthika,Driver333,9876543492,TN 18 Z 3728,13.026031474067162,80.25388070165059,2.5765514840744284
Ward 126,Lakshmanan,Driver161,9876543320,TN 17 K 5141,13.011603115893093,80.26059481832591,2.0632291237726488
Ward 126,Ilayaraja,Driver75,9876543234,TN 08 M 7461,13.006532530080834,80.2658284390648,2.2898175535878496
Ward 126,Karthik,Driver47,7121212121,TN 04 Q 9168,13.011717806999158,80.25026009346288,2.8922009973319613
Ward 126,Perumal,Driver164,9876543323,TN 09 O 0242,13.001302185009395,80.24730732990082,3.879067326683529
Ward 126,Kannan,Driver215,9876543374,TN 10 M 7711,12.991037000138368,80.26091489661181,4.0929442359502
Ward 126,Bharath,Driver37,8121212121,TN 16 S 2081,12.99290227323645,80.25111976264841,4.356191653580494
Ward 126,Yashwanth,Driver153,9876543312,TN 15 A 0958,12.998330728951938,80.24321336477279,4.426797897545222
Ward 126,Suganya,Driver26,7987654321,TN 12 H 9880,13.040851284013375,80.23440410502572,4.445406983626158
Ward 126,Kalpana,Driver370,9876543529,TN 02 S 0135,13.006266366345194,80.2359386390965,4.534321874091813
Ward 126,Sharmila,Driver307,9876543466,TN 16 L 6054,13.041198076674222,80.23338885977832,4.561851781941247
Ward 126,Arjun,Driver58,9876543217,TN 03 K 1120,13.026944433171213,80.23024866890016,4.58143219190166
Ward 13,Jayaprakash,Driver245,9876543404,TN 01 W 0179,13.095734599439854,80.27509658913615,1.440630969534363
Ward 13,Siddharth,Driver108,9876543267,TN 04 I 3296,13.095126977824101,80.27680515918503,1.459500179364655
Ward 13,Karthikeyan,Driver9,7654321098,TN 04 R 9025,13.09675109315163,80.26876490273821,1.4600288434172017
Ward 13,Mythili,Driver400,9876543559,TN 19 D 5962,13.095791316353504,80.26343685689315,1.530948716066744
Ward 13,Ilankumaran,Driver244,9876543403,TN 07 D 8750,13.071188975050413,80.26312212060098,1.5870787871016891
Ward 13,Sridevi,Driver352,9876543511,TN 10 B 9852,13.095656161536942,80.26024591163188,1.711221656320973
Ward 13,Selvi,Driver347,9876543506,TN 10 W 7187,13.098022755263672,80.26389753314808,1.732758942862254
Ward 13,Aakash,Driver52,9876543211,TN 18 K 3004,13.070727193062774,80.26087862906914,1.7592981960755139
Ward 131,Nithin,Driver92,9876543251,TN 02 W 1216,13.038683555126664,80.20473834603868,0.28993795213353607
Ward 131,Suriya,Driver196,9876543355,TN 02 G 4427,13.047465824117467,80.21040827432581,0.875294785379797
Ward 131,Anandhan,Driver13,6543210987,TN 17 Z 0472,13.04044022976863,80.19583496780518,1.0574386121280999
Ward 131,Bhaskar,Driver182,9876543341,TN 04 X 4022,13.036018591901136,80.21557362787392,1.22552290251242
Ward 131,Aadhi,Driver51,9876543210,TN 19 T 5806,13.033084994815296,80.19540743072513,1.4206672800785902
Ward 131,Madhan,Driver217,9876543376,TN 13 W 7620,13.040212125548358,80.21985500053111,1.551242269886496
Ward 131,Nandini,Driver293,9876543452,TN 20 J 9055,13.053875315975793,80.21166593503966,1.56030623324275
Ward 132,Chuppuni,Driver4,8442394431,TN 01 I 8400,13.030208122618664,80.21934728504401,1.1934060839531002
Ward 132,Sumathi,Driver315,9876543474,TN 02 P 9648,13.027531150101629,80.20962606484832,1.2782612858196873
Ward 132,Kumaravel,Driver248,9876543407,TN 15 E 1989,13.026366306571404,80.21535994651417,1.4006709483656838
Ward 132,Lakshmi,Driver24,9543210987,TN 14 A 3589,13.029835360524327,80.22233059908169,1.4433666594915668
Ward 134,Gopinath,Driver70,9876543229,TN 20 Q 3960,13.053745894668179,80.22440671721345,0.4984658979881252
Ward 134,Manoj,Driver88,9876543247,TN 13 W 3355,13.058345607918648,80.22917922125777,1.135175579569181
Ward 134,Sachin,Driver102,9876543261,TN 07 J 3573,13.040000171945064,80.22914118393746,1.1512225417113249
Ward 134,Vasanthan,Driver198,9876543357,TN 08 J 6000,13.038517786819787,80.22837820999733,1.2703810938066524
Ward 134,Sudhir,Driver111,9876543270,TN 20 Y 2979,13.047621702403612,80.23606251966864,1.277077272246763
Ward 135,Vijayakumar,Driver200,9876543359,TN 06 T 3535,13.033522553338578,80.22527245255989,0.7478129066985265
Ward 135,Sanjana,Driver384,9876543543,TN 04 W 7592,13.024736413059667,80.22515494281565,1.7117613747012823
Ward 136,Soorya,Driver227,9876543386,TN 20 Z 0358,13.055862315308362,80.24151883881942,1.781825977599502
Ward 136,Deepalakshmi,Driver364,9876543523,TN 05 G 3930,13.025301172516192,80.22847083034354,1.9044061432188824
Ward 136,Deepa,Driver276,9876543435,TN 10 X 8130,13.058639952873845,80.2389957445161,2.0155526241974435
Ward 138,Revathi,Driver302,9876543461,TN 04 Z 3340,13.026621251541298,80.20598951990809,0.6279291882416996
Ward 138,Santhosh,Driver167,9876543326,TN 06 B 2031,13.028849356217183,80.19517442753144,0.9274028892009696
Ward 138,Balasubramanian,Driver156,9876543315,TN 17 Y 1220,13.024240924169714,80.2106214567194,1.143004802431556
Ward 14,Naveen,Driver90,9876543249,TN 15 T 0759,13.097826634261429,80.28090896909366,1.9540517809409725
Ward 14,Gowtham,Driver71,9876543230,TN 02 Z 8511,13.096220520740694,80.2566110444026,2.025284618650549
Ward 14,Ilanthirayan,Driver212,9876543371,TN 02 X 1951,13.101925320820122,80.26470746997772,2.112290388966204
Ward 14,Kavitha,Driver334,9876543493,TN 11 F 6459,13.106667065143029,80.27158504774656,2.558989256275335
Ward 14,Motu,Driver2,9876543735,TN 04 O 4081,13.108148727809677,80.26278985331857,2.8347797632967446
Ward 140,Jaganath,Driver76,9876543235,TN 19 T 2128,13.019373892393967,80.20848191798815,1.8091303005113324
Ward 140,Prasad,Driver95,9876543254,TN 18 L 7655,13.009764329548648,80.22329989322762,2.264944456333065
Ward 140,Venkatesan,Driver11,8123456789,TN 17 S 4845,13.00902318413081,80.21975113336838,2.339512814495875
Ward 141,Viswesvaran,Driver152,9876543311,TN 17 F 3869,13.00698145801275,80.2342722944649,2.6742328987804562
Ward 142,Vinay,Driver123,9876543282,TN 06 Q 9576,13.00965237353476,80.21300323721127,1.4763297079508706
Ward 145,Pandian,Driver221,9876543380,TN 06 A 8681,13.139641626724721,80.26598718307693,0.724583941423029
Ward 145,Divya,Driver16,7890123456,TN 16 Q 6169,13.128041642340325,80.27304244083459,0.8565333310446901
Ward 145,Sivaraman,Driver258,9876543417,TN 07 S 8486,13.124514414368154,80.26642623059826,0.9730655552939583
Ward 145,Saravanan,Driver23,6789012345,TN 13 F 9952,13.124476058143554,80.26893709235225,0.9917552322542207
Ward 147,Preethi,Driver38,7232323232,TN 03 A 9268,13.047349305462678,80.17546234483505,0.9238058116471043
Ward 147,Madhavi,Driver289,9876543448,TN 09 F 3810,13.02423624313707,80.18248886614573,2.20159405009616
Ward 147,Aadith,Driver205,9876543364,TN 20 C 5684,13.024412588787326,80.18316345638758,2.22884603679251
Ward 147,Yashika,Driver398,9876543557,TN 01 P 0878,13.048425548476425,80.19195568667037,2.4618919773099055
Ward 147,Surya,Driver114,9876543273,TN 03 Y 3737,13.062657800033481,80.17421291484733,2.501559238156943
Ward 148,Indira,Driver281,9876543440,TN 02 Z 2272,13.126781454654482,80.27506816264531,1.1139142213811228
Ward 148,Sankar,Driver103,9876543262,TN 04 T 3299,13.123587363619686,80.26119735900083,1.2540769912629743
Ward 148,Velmurugan,Driver173,9876543332,TN 03 D 1032,13.120911338833855,80.26417441919651,1.4087059665118813
Ward 148,Kumaran,Driver27,9121212121,TN 06 I 7514,13.13391671800079,80.25343484775581,1.4923865633906408
Ward 15,Kanchana,Driver369,9876543528,TN 17 F 0028,13.108907668124829,80.27701712600576,2.8996143323463404
Ward 15,Sandhya,Driver305,9876543464,TN 10 S 0827,13.10571925379395,80.255440236889,2.923797936570814
Ward 15,Ranjani,Driver343,9876543502,TN 08 V 1986,13.103755753418602,80.25233405732912,2.9520394740546205
Ward 15,Eswaran,Driver137,9876543296,TN 17 H 8415,13.110128142175105,80.26044173730455,3.1230622487155735
Ward 150,Kumar,Driver83,9876543242,TN 03 Z 3530,13.055335930760455,80.21320888176551,4.732428557241413
Ward 150,Muthulingam,Driver250,9876543409,TN 16 P 1454,13.060569903718074,80.21009548371897,5.054473539569244
Ward 150,Vimal,Driver232,9876543391,TN 20 U 3880,13.060166556721212,80.20834349087757,5.242888869402039
Ward 150,Nithyanandan,Driver252,9876543411,TN 19 J 9961,13.060611748181818,80.20832171187108,5.246654210844577
Ward 150,Shivanandan,Driver169,9876543328,TN 13 U 1507,13.067673164614366,80.20786002161306,5.379951744621094
Ward 151,Dhivya,Driver328,9876543487,TN 16 G 0989,12.996151873699171,80.2428260411918,1.7805402797619352
Ward 151,Prithivi,Driver222,9876543381,TN 19 O 9495,12.999184949013609,80.24029372016308,1.87691519049212
Ward 151,Rajasekhar,Driver146,9876543305,TN 20 E 6415,12.99347492671657,80.24194952915134,2.0321731025288425
Ward 151,Rahul,Driver97,9876543256,TN 16 R 5701,12.987467841613064,80.24837599974245,2.132136276563081
Ward 151,Manikandan,Driver39,9343434343,TN 12 H 9334,12.985008030620502,80.24773871099886,2.4100384550298073
Ward 151,Bharani,Driver133,9876543292,TN 10 X 0064,12.983776111302229,80.25028686327917,2.4451726613136664
Ward 151,Poongodi,Driver340,9876543499,TN 05 G 6262,12.982859004655973,80.25428636888942,2.462354625650474
Ward 151,Aadhav,Driver234,9876543393,TN 20 B 1239,12.981862621174903,80.25675105223524,2.5604254470934706
Ward 151,Suganya,Driver313,9876543472,TN 14 E 5624,12.984521072720723,80.27291567826059,2.873108419651623
Ward 151,Sneha,Driver18,8877665544,TN 07 F 1634,12.97917320876575,80.24756209614753,3.0223941550381035
Ward 151,Vinitha,Driver397,9876543556,TN 08 Y 2584,12.984918907743626,80.2365153125897,3.1089373877153452
Ward 151,Thulasi,Driver391,9876543550,TN 20 Q 6630,12.9749514233578,80.24541793366116,3.5424293477829774
Ward 151,Subramanian,Driver170,9876543329,TN 10 Y 8737,12.97616434352142,80.24013909422511,3.658131403207408
Ward 152,Yamini,Driver325,9876543484,TN 13 Q 1936,13.026095673065086,80.18969362673197,2.5955502603426774
Ward 152,Prakash,Driver93,9876543252,TN 18 S 5614,13.036337044117001,80.1437973402337,2.9567964868599077
Ward 152,Vasanthi,Driver394,9876543553,TN 11 U 9847,13.069967123690816,80.17435371090265,3.3092088638947854
Ward 152,Muthu,Driver219,9876543378,TN 20 T 2261,13.012777586698537,80.1821296853205,3.3101079724736517
Ward 153,Savitha,Driver346,9876543505,TN 18 S 7930,13.125901311278364,80.25512505760555,1.5407904802578394
Ward 153,Sriram,Driver49,8343434343,TN 12 S 6057,13.119091816054336,80.26909363769803,1.5857594470800565
Ward 155,Mugilan,Driver249,9876543408,TN 18 Y 0894,13.008413782623196,80.19668849183878,2.6816918152449283
Ward 155,Balu,Driver238,9876543397,TN 07 R 9805,13.007489682968766,80.1973304753534,2.8057150161324897
Ward 155,Indhu,Driver30,9454545454,TN 11 V 9966,13.008934254423428,80.2022002782209,2.999993612858555
Ward 157,Vishwanath,Driver124,9876543283,TN 07 B 5441,13.008650871430499,80.16504595330646,0.8200639498776292
Ward 157,Somasundaram,Driver259,9876543418,TN 10 L 6164,13.00195961054551,80.16651721762669,1.2754276014267274
Ward 158,Ezhilarasan,Driver241,9876543400,TN 10 S 3422,13.00840898847243,80.20974345442548,2.5154410848692486
Ward 158,Selvam,Driver15,8901234567,TN 07 Y 0736,12.991977620090559,80.19581345822847,2.8386517344836797
Ward 158,Vinod,Driver45,9909090909,TN 03 N 5424,13.009042247608443,80.21328162286311,2.8567369517720818
Ward 158,Amudha,Driver360,9876543519,TN 18 L 0395,13.003867735096698,80.2147924309507,3.217144482288084
Ward 158,Dinesh,Driver68,9876543227,TN 17 I 8638,12.999628342777909,80.16294062353091,3.290398227377692
Ward 158,John,Driver1,1234567890,TN 14 H 2438,12.994581449689777,80.21120639912235,3.4895919215950553
Ward 158,Vinodh,Driver265,9876543424,TN 18 I 7993,12.987578434063057,80.20240765065098,3.5592070584337425
Ward 158,Sita,Driver310,9876543469,TN 11 C 5441,12.985215615485512,80.20777561718722,4.070830454211713
Ward 159,Thirumurugan,Driver171,9876543330,TN 18 I 3283,12.987976028131897,80.15268866668386,1.8344785503536292
Ward 159,Radha,Driver300,9876543459,TN 11 V 3847,12.984114108793957,80.1513780107705,2.1187466939459574
Ward 159,Deenadayalan,Driver210,9876543369,TN 19 J 6128,12.973487417484005,80.18017091139743,2.419649696618317
Ward 161,Ashok,Driver60,9876543219,TN 15 L 6016,12.985933087295177,80.2151340484325,1.7740138761892277
Ward 161,Sudha,Driver312,9876543471,TN 15 R 9015,12.97958010036982,80.20877793114495,1.9774585447336728
Ward 161,Vani,Driver393,9876543552,TN 17 Q 9902,12.982001300670621,80.21496171772877,2.074296736031809
Ward 161,Saravanan,Driver193,9876543352,TN 14 D 9066,12.977618196814968,80.20879557503773,2.1851139673421143
Ward 161,Jyothi,Driver332,9876543491,TN 05 T 7226,12.978204159166559,80.21553458286839,2.4490460569813575
Ward 161,Mahalakshmi,Driver336,9876543495,TN 05 G 2972,12.980703752339323,80.22430139653243,2.9133117778907778
Ward 163,Sreeja,Driver351,9876543510,TN 18 V 1497,12.966534819649551,80.20421097837254,2.6324066829582846
Ward 163,Kala,Driver284,9876543443,TN 18 Q 9745,12.965446998269433,80.20339062883713,2.7458089599389828
Ward 163,Indira,Driver367,9876543526,TN 18 B 8197,12.967258092418245,80.19044680906228,2.8216253188302423
Ward 163,Gayathri,Driver329,9876543488,TN 19 D 0094,12.9682247143662,80.21729056211815,2.9542710624816757
Ward 163,Lakshmi,Driver287,9876543446,TN 16 R 0465,12.96557712207808,80.18599835670479,3.2193977237760194
Ward 163,Pranav,Driver94,9876543253,TN 06 Z 8541,12.973526489431569,80.22655388235133,3.2532746417763567
Ward 169,Mithra,Driver374,9876543533,TN 07 S 4761,12.963055850489791,80.18657817489417,1.797279016950447
Ward 169,Vinayak,Driver201,9876543360,TN 16 D 6793,12.960810244423595,80.21890661404656,2.277765062230992
Ward 169,Malathi,Driver373,9876543532,TN 12 C 6080,12.949833897705558,80.2053706881577,2.436114104478104
Ward 169,Harish,Driver72,9876543231,TN 09 Z 4043,12.952019162132823,80.2115647094193,2.4376973323541087
Ward 169,Satish,Driver106,9876543265,TN 07 N 4409,12.949360154592853,80.20381719180573,2.460117316608042
Ward 169,Ramya,Driver36,9010101010,TN 14 F 3013,12.97012079652474,80.22474570744303,2.59277848131278
Ward 169,Thilak,Driver116,9876543275,TN 20 Q 0555,12.956231544671692,80.18171979768019,2.6649011020166706
Ward 169,Murugan,Driver89,9876543248,TN 16 Y 4822,12.952236701260448,80.18188981232461,2.951453127749472
Ward 169,Anjali,Driver271,9876543430,TN 13 G 7801,12.97777005201536,80.23052123646309,3.2949057718120107
Ward 17,Abhinav,Driver177,9876543336,TN 04 A 6825,13.110115559889882,80.28003852535666,3.1257287459551835
Ward 171,Balaraman,Driver239,9876543398,TN 02 A 1489,12.97600908604389,80.23776376162337,4.817222002560095
Ward 171,Arulnathan,Driver237,9876543396,TN 08 H 5120,12.975759170988123,80.23825437819623,4.852260610586237
Ward 171,Roja,Driver383,9876543542,TN 05 G 9090,13.057264313965138,80.20611612307572,5.084104748835043
Ward 171,Nithya,Driver34,8898989898,TN 09 V 3803,12.971677706429737,80.24380377673317,5.415176885453125
Ward 171,Chetan,Driver65,9876543224,TN 06 L 1647,12.970170978550014,80.23144525646501,5.421263636342652
Ward 171,Vijay,Driver120,9876543279,TN 13 D 8521,12.970493680945113,80.24089031047276,5.476836570960071
Ward 171,Parvathi,Driver296,9876543455,TN 06 I 1213,13.062034498756397,80.20099243832789,5.833946593895211
Ward 171,Rajeshwari,Driver166,9876543325,TN 18 G 0633,12.967378383192818,80.24389639521364,5.882373783259414
Ward 171,Saritha,Driver385,9876543544,TN 17 O 3326,13.065262669393501,80.20435486473501,5.9426727750332775
Ward 173,Kishore,Driver35,7909090909,TN 10 F 7423,12.977203569186845,80.28103738084306,5.0243408163743855
Ward 174,Amala,Driver270,9876543429,TN 12 S 7907,12.965182647448945,80.24678532932299,4.259276666184078
Ward 174,Shiva,Driver107,9876543266,TN 16 V 1677,12.96786492369512,80.25202073400341,4.3690001021389575
Ward 174,Venkat,Driver119,9876543278,TN 15 Y 9843,12.96727049810851,80.2593606606828,4.978401316752777
Ward 178,Vairamuthu,Driver262,9876543421,TN 05 D 0153,12.951232087777377,80.22334465835863,3.0960862242100076
Ward 179,Thirunavukkarasu,Driver229,9876543388,TN 05 O 6587,12.951356706378292,80.23716982067008,3.1447007865870527
Ward 179,Nalini,Driver375,9876543534,TN 07 Z 6968,12.948169836009292,80.2257023687737,3.3103872436333455
Ward 179,Ravichandran,Driver101,9876543260,TN 05 D 0740,12.95703389064949,80.24925267769359,3.3333849695306452
Ward 179,Mani,Driver86,9876543245,TN 04 O 2175,12.948516458694016,80.23834386117053,3.485035183923174
Ward 179,Vinoth,Driver175,9876543334,TN 11 Q 5802,12.942488365526035,80.24378112069309,4.330078938979667
Ward 179,Keerthana,Driver8,8765432109,TN 04 I 0095,12.94815435559168,80.2530237548623,4.334994384415846
Ward 181,Raghu,Driver33,9787878787,TN 02 E 6086,12.974840737290423,80.28019552045774,2.4934550269733813
Ward 182,Anitha,Driver20,9234567890,TN 11 F 2112,12.964499247796837,80.26499988861801,1.7893741768227072
Ward 182,Anand,Driver56,9876543215,TN 19 W 6730,12.965176351939654,80.27093278549734,1.9843484042371629
Ward 184,Ajay,Driver54,9876543213,TN 18 V 0507,12.953596076702796,80.26057952214477,2.9484854875479414
Ward 186,Saravanan,Driver105,9876543264,TN 06 J 7070,12.939730593125168,80.23792180698858,2.140147212461355
Ward 186,Rajaram,Driver254,9876543413,TN 12 Y 7578,12.939018591353985,80.25401614731805,2.7827987793020936
Ward 186,Girish,Driver138,9876543297,TN 13 S 7225,12.953940596801141,80.26497530601085,2.921655367845529
Ward 188,Vijay,Driver19,7766554433,TN 15 P 8583,12.942422118499838,80.19332577639331,1.0531969914818644
Ward 188,Vidhyalakshmi,Driver357,9876543516,TN 04 R 8625,12.936976118065623,80.20119870366389,1.259217139900214
Ward 19,Rameshwar,Driver255,9876543414,TN 05 O 6622,13.111472001062136,80.27509490231287,3.1342036650872083
Ward 190,Jayanthi,Driver368,9876543527,TN 14 K 6791,12.929261685719293,80.2129420120371,0.5706570495930559
Ward 190,Abhilasha,Driver326,9876543485,TN 19 J 5615,12.929785289224924,80.21844701360169,1.0607826351558187
Ward 190,Chappuni,Driver5,8758747683,TN 05 M 1027,12.9342639818517,80.20531384037797,1.143510348680155
Ward 190,Adityan,Driver154,9876543313,TN 15 E 8472,12.926922856929355,80.1973935031559,1.3781750763894196
Ward 191,Sai,Driver304,9876543463,TN 08 U 3092,12.915880448267139,80.19826057959257,0.585586609709996
Ward 192,Murugan,Driver17,9765432109,TN 07 Q 1773,12.942783038402828,80.26312913001597,1.1746282100471734
Ward 192,Ram,Driver99,9876543258,TN 09 D 8377,12.93738663796104,80.2577413109214,1.4202678529247303
Ward 192,Vidya,Driver323,9876543482,TN 07 O 0499,12.96260039404212,80.27237708398218,2.3432543916429114
Ward 198,Usha,Driver321,9876543480,TN 05 O 1895,13.072755549839389,80.20786993518759,5.507799594576492
Ward 199,Thamarai,Driver228,9876543387,TN 13 A 3209,12.86808273363719,80.24465202495674,0.29224155367201626
Ward 199,Dhanasekaran,Driver157,9876543316,TN 12 N 8800,12.871344352741025,80.25568326426135,0.9573808517856587
Ward 20,Subhashini,Driver40,8454545454,TN 06 W 9645,13.1045718611614,80.2909300531796,3.230626519644683
Ward 20,Selvakumar,Driver257,9876543416,TN 13 R 5625,13.113821901491587,80.26603319601924,3.380136458211243
Ward 20,Kumaran,Driver216,9876543375,TN 09 S 2658,13.114470192393512,80.26579855133039,3.454998584281062
Ward 22,Devanand,Driver136,9876543295,TN 12 F 0652,13.10096420729589,80.2270244154232,5.6640318248135895
Ward 22,Keerthana,Driver286,9876543445,TN 06 K 5440,13.074388871523754,80.20610714478875,5.742823735881933
Ward 22,Kulasekharan,Driver187,9876543346,TN 14 J 1786,13.112964898342636,80.25078469236094,6.030255004175595
Ward 23,Sreevidya,Driver388,9876543547,TN 01 S 1313,13.115140522226817,80.26076046714203,3.6426604276377286
Ward 23,Charu,Driver275,9876543434,TN 08 I 8565,13.112754584092706,80.28836462430299,3.7839196224850187
Ward 23,Thanigai,Driver115,9876543274,TN 14 F 6136,13.117178915515048,80.26345223285254,3.7941110148072776
Ward 24,Uma,Driver319,9876543478,TN 02 T 8232,13.117020968551836,80.2623544735105,3.8016233405501847
Ward 24,Harshini,Driver279,9876543438,TN 05 R 2213,13.11653917640153,80.29281329965973,4.398184303237745
Ward 25,Prathiba,Driver341,9876543500,TN 04 L 3702,13.108574734568316,80.30187059860651,4.407904522848454
Ward 26,Anirudh,Driver57,9876543216,TN 16 F 6964,13.10117414706674,80.21951539110532,6.18018639222543
Ward 26,Divya,Driver277,9876543436,TN 05 P 6188,13.112913294164075,80.24143546978733,6.214905631791825
Ward 26,Hemanth,Driver74,9876543233,TN 12 X 7659,13.107944479834408,80.2286983887053,6.227802951339581
Ward 27,Ezhil,Driver365,9876543524,TN 06 N 4210,13.118397055126932,80.19753854545381,0.9342195742395412
Ward 27,Meena,Driver292,9876543451,TN 01 Z 5648,13.12911073183847,80.20603280556325,1.2113822478232952
Ward 27,Arun,Driver29,7343434343,TN 10 C 9518,13.117049568123553,80.20728193402937,1.6784705930934882
Ward 27,Thanusha,Driver318,9876543477,TN 06 H 5255,13.120227401631501,80.20955769628578,1.7052807903773615
Ward 29,Vivek,Driver125,9876543284,TN 17 O 1603,13.113657125315207,80.23727912901401,5.077528222572436
Ward 3,Yazhini,Driver399,9876543558,TN 03 H 8482,12.92945036342464,80.24709897296437,10.267500591191808
Ward 3,Anbuchelvan,Driver180,9876543339,TN 15 A 7197,12.926944331732022,80.2543660858384,10.378999072276745
Ward 3,Mahendran,Driver188,9876543347,TN 11 B 9004,13.067820886153726,80.18673193933057,10.547941828177922
Ward 3,Shanthi,Driver349,9876543508,TN 01 X 0220,12.932729256427344,80.22798094906179,10.628415131741823
Ward 30,Suresh,Driver41,7565656565,TN 08 K 8432,13.11947143090886,80.24575240568414,4.777962726718606
Ward 31,Kiruthika,Driver371,9876543530,TN 13 V 6223,13.133558193436432,80.23786999895867,0.6029043141342606
Ward 32,Kumaran,Driver141,9876543300,TN 01 T 0560,13.125475592962937,80.25193722797046,5.048798725094242
Ward 32,Kavitha,Driver22,7456789012,TN 15 B 6609,13.12166479555286,80.29913474203558,5.258886403084718
Ward 35,Bhupathi,Driver209,9876543368,TN 18 P 5016,13.13324932693169,80.24526772237398,0.34435099892926124
Ward 35,Priya,Driver10,9988776655,TN 16 A 1554,13.134716327904815,80.24498670848112,0.5088537559283888
Ward 35,Meena,Driver12,7012345678,TN 01 Q 5596,13.144774126451097,80.25043046148822,1.665536492179836
Ward 35,Balaji,Driver61,9876543220,TN 19 I 3568,13.14539533471718,80.2514897980339,1.7650297520047455
Ward 35,Aruna,Driver361,9876543520,TN 03 V 6210,13.147707202635198,80.24516899545529,1.9359263273396685
Ward 37,Rajendran,Driver25,8654321098,TN 12 C 3780,13.151368147836488,80.27328483866422,2.1214890331857865
Ward 37,Sridhar,Driver109,9876543268,TN 17 J 2936,13.151874113880455,80.24757336292065,2.9685849906988913
Ward 37,Krishnan,Driver82,9876543241,TN 11 S 0684,13.125473838546814,80.2967152856823,3.310687376629206
Ward 38,Rekha,Driver344,9876543503,TN 15 O 5200,13.125750024399201,80.29704671746192,1.9678087650985057
Ward 38,Poovizhi,Driver379,9876543538,TN 13 E 3398,13.128661338343989,80.30138759399979,2.29585156601493
Ward 38,Soundarya,Driver387,9876543546,TN 20 W 3636,13.121730742612604,80.30559126256632,2.995252102204398
Ward 38,Balan,Driver132,9876543291,TN 15 V 3544,13.164244519517789,80.29800316906953,3.8655761482344526
Ward 4,Swetha,Driver390,9876543549,TN 18 O 8840,13.109208153435405,80.22606099904216,5.557551192097329
Ward 4,Umaiyal,Driver320,9876543479,TN 18 E 6260,13.119645915147292,80.23133714547991,5.803726344622354
Ward 4,Palanivelu,Driver253,9876543412,TN 03 L 8786,13.116944508766718,80.22269117006377,6.334672653374247
Ward 41,Abishek,Driver155,9876543314,TN 15 C 3335,13.158331732473059,80.23938210626049,5.381506020878395
Ward 41,Rajeshwari,Driver342,9876543501,TN 11 A 1972,13.148500168791722,80.23050172380138,5.51584782635963
Ward 42,Saravanan,Driver224,9876543383,TN 09 X 9873,13.182862299900219,80.2624059436403,7.115169037799903
Ward 42,Janardhan,Driver77,9876543236,TN 15 I 1729,13.144880555416766,80.2220333915094,7.2256539771950905
Ward 42,Padma,Driver295,9876543454,TN 03 V 5429,13.129682665137961,80.2183154028745,7.235907866556268
Ward 42,Ganesan,Driver211,9876543370,TN 07 B 0477,13.134123640352895,80.21615048521598,7.536419250487218
Ward 42,Malar,Driver372,9876543531,TN 05 W 0038,13.165620662831357,80.22659003720675,7.9025245811332345
Ward 43,Manikumar,Driver218,9876543377,TN 12 E 3300,13.108238931013995,80.21108610763119,9.129115676199644
Ward 43,Muthukumar,Driver189,9876543348,TN 20 D 2899,13.103948503132068,80.2115839855489,9.19115763123981
Ward 43,Vishnuprasad,Driver266,9876543425,TN 11 W 4668,13.100324025056034,80.21146424043727,9.318378852800716
Ward 43,Chandran,Driver64,9876543223,TN 10 W 4601,13.108642868833421,80.20758948198761,9.490176528593317
Ward 43,Venugopal,Driver199,9876543358,TN 19 B 9680,13.154539726537473,80.20708094954551,9.879940054419423
Ward 43,Aravind,Driver131,9876543290,TN 06 G 6720,13.102539216676306,80.20206751439788,10.227209342296083
Ward 48,Vasanth,Driver118,9876543277,TN 16 C 5157,13.094693481132541,80.19930982886942,9.344163597672258
Ward 50,Hema,Driver280,9876543439,TN 04 O 6348,13.08456796105478,80.19590357987315,11.365344798812226
Ward 50,Shankar,Driver195,9876543354,TN 02 E 6190,13.093417938548152,80.19176734206226,11.572420289207045
Ward 51,Hariharan,Driver73,9876543232,TN 19 O 3698,13.082953283137108,80.1886860010651,11.134172644916228
Ward 51,Subashini,Driver389,9876543548,TN 12 T 7274,13.17036081444706,80.19786996720187,11.571015677289628
Ward 51,Yamuna,Driver126,9876543285,TN 05 F 5285,13.071931899248844,80.18668412061986,11.757898236300072
Ward 51,Vimalan,Driver230,9876543389,TN 14 N 4387,13.156770505747145,80.18587085619882,11.98053837955558
Ward 52,Vishnu,Driver202,9876543361,TN 15 Q 1864,13.075094310673373,80.174031145607,12.817022448370619
Ward 52,Yoganathan,Driver176,9876543335,TN 19 Y 8350,13.1078238710305,80.16609885005036,13.16546943729336
Ward 53,Subasini,Driver353,9876543512,TN 11 G 3269,13.175688699481734,80.17408496110185,13.418439031083045
Ward 53,Karthik,Driver80,9876543239,TN 12 S 8705,13.22247726382655,80.23255032921712,13.733193550763351
Ward 53,Poornima,Driver298,9876543457,TN 12 H 6301,13.033076168580434,80.13906615024447,16.862538758250047
Ward 53,Paavai,Driver377,9876543536,TN 08 O 8536,13.019202575925275,80.14620357565578,17.017588434924164
Ward 53,Vimala,Driver324,9876543483,TN 18 N 3363,13.01260468395427,80.14696648860362,17.379193887187412
Ward 53,Prasanthi,Driver380,9876543539,TN 16 X 7604,13.029659339897243,80.1355063616973,17.384288814142103
Ward 55,Anitha,Driver272,9876543431,TN 09 F 5534,13.003441748053893,80.14900669375973,17.942922345574164
Ward 55,Raji,Driver381,9876543540,TN 09 E 9735,13.011692580099483,80.1385062235988,18.361572757164346
Ward 55,Jeeva,Driver79,9876543238,TN 14 B 8540,13.111878412221179,80.1064541245598,19.04299401185989
Ward 56,Sunitha,Driver316,9876543475,TN 15 Y 2772,13.0160569137379,80.1252799547782,19.93382544313292
Ward 56,Indrani,Driver330,9876543489,TN 20 U 0555,12.937865202856697,80.21010324798603,20.002984343771114
Ward 57,Kalyani,Driver285,9876543444,TN 10 A 3635,12.931748802665174,80.22355135882798,18.839943922176005
Ward 57,Dinesh,Driver43,8787878787,TN 01 U 2555,12.931576882051035,80.22369682082214,18.852938438059216
Ward 57,Sarath,Driver256,9876543415,TN 11 M 3572,12.926667832609027,80.23535321353677,19.01143569025496
Ward 59,Srinivasan,Driver110,9876543269,TN 17 S 4431,12.925842812717898,80.23595607525355,17.45287392735924
Ward 59,Anoop,Driver130,9876543289,TN 04 E 1129,12.921700138088335,80.25412652240028,17.51290081296137
Ward 59,Pavithra,Driver378,9876543537,TN 03 Y 8479,12.924674328212319,80.23669466349575,17.558431700894563
Ward 59,Adarsh,Driver128,9876543287,TN 15 Y 8344,12.922933030730835,80.23779496251322,17.71701661313113
Ward 59,Nandhini,Driver46,8010101010,TN 04 U 2574,12.922815268493075,80.23777609173229,17.73021926754692
Ward 60,Subburaj,Driver260,9876543419,TN 19 X 9460,12.920899776570904,80.24069780039353,19.060070562030454
Ward 60,Jayakumar,Driver78,9876543237,TN 15 Q 3918,12.918307682065572,80.24680414179524,19.16052791184073
Ward 61,Senthil,Driver31,8565656565,TN 04 C 5285,12.999752230547234,80.13190773798401,15.739196384299689
Ward 61,Gayathri,Driver366,9876543525,TN 02 X 4407,13.00035070802173,80.13021692056302,15.864837013199661
Ward 61,Bharath,Driver63,9876543222,TN 18 R 4051,12.958283862035334,80.16476530387565,16.05303993759778
Ward 61,Mahesh,Driver85,9876543244,TN 19 K 1302,12.950236513544702,80.17557939934672,16.084994536071996
Ward 61,Jayashree,Driver282,9876543441,TN 07 B 0806,12.971725429925026,80.1492139261577,16.100146931640033
Ward 61,Chiranjeevi,Driver134,9876543293,TN 02 B 7878,12.973731058882954,80.14700323475935,16.125299785941102
Ward 61,Thiagarajan,Driver261,9876543420,TN 12 P 9451,13.022798306829026,80.11681972083392,16.152592028337224
Ward 64,Deepa,Driver28,8232323232,TN 02 I 2242,13.014190875073181,80.11122523007862,16.634733240210334
Ward 64,Vikram,Driver121,9876543280,TN 06 P 5011,12.990584343327331,80.13294165467681,17.318751153688808
Ward 64,Vanitha,Driver322,9876543481,TN 16 Y 6690,12.988935831749458,80.12549387594012,17.90300619499241
Ward 66,Yogesh,Driver127,9876543286,TN 16 E 9719,12.980706665021222,80.13254269848164,18.469164332174646
Ward 66,Nandan,Driver220,9876543379,TN 20 M 9819,13.001477878568515,80.10552515528482,18.567863366476313
Ward 66,Natarajan,Driver190,9876543349,TN 09 Z 8391,13.084751039089907,80.05276014805678,19.33642295773912
Ward 68,Vadivel,Driver172,9876543331,TN 10 K 5688,12.942757446153571,80.18549111796945,20.376354003490313
Ward 68,Sowmiya,Driver44,7898989898,TN 16 Q 9379,12.94314505319811,80.17901111611627,20.53417798106925
Ward 7,Palanivel,Driver191,9876543350,TN 15 V 1644,12.936849082268868,80.19444151047999,18.27452434132469
Ward 7,Kamal,Driver214,9876543373,TN 12 V 4047,12.92342906030585,80.2275244495397,18.410293198859918
Ward 7,Sundar,Driver112,9876543271,TN 19 L 1066,12.940110693566817,80.18207474971898,18.601869990264394
Ward 7,Adhiban,Driver235,9876543394,TN 01 X 3908,12.917342712613568,80.24643808662822,18.675498284999684
Ward 7,Vijayalakshmi,Driver396,9876543555,TN 12 A 2147,12.935366073894048,80.18889354206397,18.697523179910668
Ward 7,Prabhu,Driver21,8345678901,TN 01 Q 7012,12.933647941869596,80.1893534964759,18.843065806587465
Ward 75,Selvam,Driver194,9876543353,TN 10 U 7026,12.929471619516672,80.19311843863186,19.4771915328868
Ward 75,Sumathi,Driver354,9876543513,TN 18 Y 6376,12.920033907692465,80.2224102236266,19.71085366559665
Ward 76,Selvan,Driver225,9876543384,TN 20 C 0466,12.926696916541037,80.19406900304318,20.132456392232292
Ward 76,Sivakumar,Driver226,9876543385,TN 18 X 6019,12.916899824771223,80.22872077519072,20.226831389943225
Ward 76,Sowmiya,Driver350,9876543509,TN 15 O 8239,12.914346363362892,80.24668455531526,20.2898064637797
Ward 76,Bhavani,Driver48,9232323232,TN 19 N 8150,12.915521244553496,80.23348788417736,20.30215799553356
Ward 77,Jeyaraj,Driver213,9876543372,TN 04 P 0593,12.910695278473218,80.24314126849865,20.711987135914047
Ward 77,Bhavani,Driver274,9876543433,TN 03 T 4830,12.933364755020548,80.17338779113513,20.739386897098488
Ward 77,Dakshinamurthy,Driver183,9876543342,TN 20 T 0760,12.911166228272,80.23387489118043,20.8163003600214
Ward 77,Veerappan,Driver264,9876543423,TN 20 M 4782,12.911029798418058,80.23358411467726,20.83688822348898
Ward 77,Udhay,Driver117,9876543276,TN 08 B 0483,12.907625670812829,80.24898428442319,20.977835747209994
Ward 78,Thiru,Driver197,9876543356,TN 01 F 9820,12.90452993130751,80.25499701014907,20.680013571349832
Ward 78,Rajendran,Driver223,9876543382,TN 09 Y 5300,12.916520193375478,80.19427249868804,20.761137848937636
Ward 78,Muralidharan,Driver143,9876543302,TN 10 S 8523,12.912124075251578,80.20379610897456,20.869699475231275
Ward 78,Bhavika,Driver327,9876543486,TN 05 X 8422,12.902336519333721,80.25712975264648,20.91366486042563
Ward 78,Jeyaraman,Driver185,9876543344,TN 16 M 6325,12.921733584968743,80.17759642802686,20.968275767900362
Ward 78,Manguni,Driver6,8442394433,TN 19 W 9453,12.909530951711677,80.20636941085212,21.058727443006156
Ward 79,Vignesh,Driver122,9876543281,TN 16 Q 0995,12.90751559977273,80.20769973928704,17.66691624513297
Ward 81,Dayanidhi,Driver135,9876543294,TN 15 R 6895,12.92292404734279,80.17080718552805,17.769831877309826
Ward 81,Arivu,Driver206,9876543365,TN 20 E 2532,12.905965252826785,80.20718656277543,17.848053669426694
Ward 81,Umaiyamma,Driver356,9876543515,TN 03 H 2056,12.901480660145605,80.22374492054998,17.881097312789603
Ward 82,Rathi,Driver301,9876543460,TN 08 W 0716,12.899330497704446,80.22650775854122,18.058743540232292
Ward 82,Yogeshwaran,Driver203,9876543362,TN 14 T 9485,12.906855035380618,80.19786486732035,18.084775008086464
Ward 83,Aravindhan,Driver7,9876543210,TN 03 T 8741,12.986520096572521,80.0898697737241,25.200941731497952
Ward 83,Swetha,Driver355,9876543514,TN 20 N 1946,12.911308874692837,80.18687055288756,26.166345440999685
Ward 87,Ilango,Driver159,9876543318,TN 10 O 2562,12.903715049338174,80.20038625787163,26.527828453527732
Ward 87,Sathyamoorthy,Driver168,9876543327,TN 20 L 1589,12.899676195366574,80.21645981834305,26.545706800036
Ward 87,Prem,Driver96,9876543255,TN 09 I 7730,12.899057335516977,80.2119821067364,26.71745016267443
Ward 89,Neha,Driver294,9876543453,TN 04 A 4124,12.898284060044695,80.20351392690289,18.782732691923616
Ward 90,Akhilesh,Driver129,9876543288,TN 14 E 9519,12.942534965346342,80.11529913903045,18.105308546752806
Ward 90,Ananthan,Driver236,9876543395,TN 19 D 6461,12.916582951034927,80.13871666376562,19.69556721703382
Ward 92,Ramya,Driver382,9876543541,TN 07 I 5135,12.89119495506973,80.23306606702556,18.839282336172417
Ward 92,Bhargavi,Driver362,9876543521,TN 10 Y 3453,12.894072259178529,80.2137531851742,18.925903360116425
Ward 92,Raghu,Driver147,9876543306,TN 08 W 3576,12.896480500164706,80.19392767752038,19.31475125990888
Ward 94,Shruti,Driver309,9876543468,TN 04 D 1624,12.898139871026231,80.17473074054375,23.78820876065554
Ward 95,Abirami,Driver359,9876543518,TN 06 M 7958,12.892633063649845,80.18623339877823,23.264585355706895
Ward 95,Yogananthan,Driver233,9876543392,TN 16 E 2905,12.890866802020025,80.19354577018487,23.421637468847287
Ward 97,Swathi,Driver317,9876543476,TN 15 D 6255,12.8847730394418,80.22744557089719,23.2397631007374
Ward 97,Deepak,Driver66,9876543225,TN 15 A 7753,12.88451146212527,80.25110917919292,23.39287837741056
Ward 97,Gnanam,Driver242,9876543401,TN 05 C 4575,12.885806394618049,80.19038613354826,23.49710455177078
Ward 97,Manju,Driver337,9876543496,TN 19 C 4224,12.886220332700645,80.17754549748514,23.738630453780186
Ward 97,Thangavel,Driver151,9876543310,TN 11 W 3054,12.879255268359271,80.214502001053,23.903489899153282
Ward 97,Akhil,Driver55,9876543214,TN 01 E 5297,12.874475952179683,80.20148719104421,24.56396383938049
Ward 99,Pathmanathan,Driver192,9876543351,TN 14 F 3239,12.874930687203642,80.18605548932617,23.578880617938083
Ward 99,Umaiyal,Driver392,9876543551,TN 19 J 1079,12.873838111084135,80.1893068614346,23.674003509201135
Ward 99,Preethi,Driver299,9876543458,TN 19 W 5368,12.873250355535234,80.20387991473625,23.687272727940183
