serial number,driver name,contact number,vehicle number,vehicle type
1,Swati,6394118748,MH58CR9487,Bus
2,Preeti,9495606613,GJ64QC5353,Bus
3,Swati,9396525628,UP70EB7831,Sedan
4,Sunil,8491290992,TN79OP5959,Van
5,Pooja,6449308106,UP02GU1776,Bus
6,Shweta,6183403339,TN69ZU3032,Van
7,Shweta,7722035160,RJ65RL2238,Sedan
8,Meera,8589620404,TN57OH1760,Minivan
9,Komal,8739697094,TN77MT2366,Van
10,Dinesh,9235178232,WB31NU3397,SUV
11,Vikas,6130521295,KL95KE7130,SUV
12,Divya,7234184852,TN75PX6265,SUV
13,Lata,6486071428,WB39VB8869,Minivan
14,Rajesh,6872640295,UP84GG4873,Van
15,Ganesh,8774460024,KL94KG2721,Bus
16,Sunil,9753465977,WB54LG8717,Van
17,Prakash,7644876328,UP07IE6179,Sedan
18,Komal,7045154560,KA32ZS6574,Minivan
19,Vikas,8893272866,RJ91JG3873,Sedan
20,Sunil,9662269904,KA48EO3265,Bus
21,Sneha,6126031796,GJ66JD8516,Bus
22,Sneha,8367076336,TN82YT2912,SUV
23,Divya,9509714565,KA21FM3523,SUV
24,Kavya,6337158587,KA34AM6042,Sedan
25,Monika,7208022487,MH74VV1842,Van
26,Deepak,9398074346,RJ54EG2856,Minivan
27,Karthik,9502636046,RJ89TR7607,Bus
28,Meera,8654080899,AP95FA2871,Bus
29,Anil,6359544868,GJ62VH3979,Bus
30,Neha,6217799611,RJ78GO9788,Van
31,Arjun,8228603436,KA95WR7259,Minivan
32,Lata,7867268198,TN05AP7484,Bus
33,Deepak,9494286156,WB34KP6851,Sedan
34,Lata,6979045044,WB24AU7726,Van
35,Meera,7788628060,KL07LE8059,Van
36,Arjun,8812976786,KA52GJ8023,Bus
37,Suresh,6892565629,UP35ZW5154,SUV
38,Anita,8852708241,RJ95YY5229,Van
39,Preeti,9747496803,GJ69CR1035,Minivan
40,Lata,7349191842,MH53CV8157,Sedan
41,Preeti,9647425523,KL47ZI3998,SUV
42,Suresh,9826554933,TN02NA2262,Sedan
43,Vijay,9998473997,DL01FU6364,SUV
44,Anita,9060104421,KL74QM3077,Sedan
45,Kavya,7897302102,DL38MO3502,Van
46,Preeti,9285306066,DL46FK2497,Van
47,Prakash,9822086770,AP60ND2407,SUV
48,Nisha,9191174553,KL34JD8359,SUV
49,Ajay,7617035491,KL60PV3387,Bus
50,Arjun,8916857189,AP44FK8374,Van
